Element Atomic Number,Element Symbol,Element Name,Element Ionization Energies,Element Abundance in Earth's Crust,Element Color,Element Abundance in Humans,Element Abundance in Oceans,Element Atomic Weight,Element Block,Element Absolute Boiling Point,Element Absolute Melting Point,Element Category,Element Country of Discovery,Element Year of Discovery,Element Density,Element Electrical Conductivity,Element Electrical Type,ElectronConfiguration,Element Electron Affinity,Element Electronegativity (Pauling),Radioactive,Element Mass Magnetic Susceptibility,Element Magnetic Type,van_der_waals_radius,crystal_structure,Element Valence,Discovered_by,period,phase,bohr_model_3d,summary
1,H,Hydrogen,1312,31000000,Colorless,620000000,662000000,1.00794,s,20.28,13.81,Other Nonmetal,United Kingdom,1766,0.0000899,Unknown,Unknown,1s1,72.8,2.2,Stable,-2.48E-08,Diamagnetic,120 pm,hexagonal,1,Henry Cavendish,1,Gas,https://storage.googleapis.com/search-ar-edu/periodic-table/element_001_hydrogen/element_001_hydrogen.glb,"Hydrogen is a chemical element with chemical symbol H and atomic number 1. With an atomic weight of 1.00794 u, hydrogen is the lightest element on the periodic table. Its monatomic form (H) is the most abundant chemical substance in the Universe, constituting roughly 75% of all baryonic mass."
2,He,Helium,2372.3,30,Colorless,Unknown,0.011,4.002602,p,4.22,0.95,Noble Gas,Sweden and United Kingdom,1868,0.0001785,Unknown,Unknown,1s2,0,Unknown,Stable,-5.90E-09,Diamagnetic,140 pm,hexagonal close-packed (hcp),0,Pierre Janssen,1,Gas,https://storage.googleapis.com/search-ar-edu/periodic-table/element_002_helium/element_002_helium.glb,"Helium is a chemical element with symbol He and atomic number 2. It is a colorless, odorless, tasteless, non-toxic, inert, monatomic gas that heads the noble gas group in the periodic table. Its boiling and melting points are the lowest among all the elements."
3,Li,Lithium,520.2,50000,Silver,27,160,6.941,s,1615,453.65,Alkali Metal,Sweden,1817,0.535,11000000,Conductor,[He]2s1,59.6,0.98,Stable,2.56E-08,Paramagnetic,182 pm,body-centered cubic (bcc),1,Johan August Arfwedson,2,Solid,https://storage.googleapis.com/search-ar-edu/periodic-table/element_003_lithium/element_003_lithium.glb,"Lithium (from Greek:λίθος lithos, ""stone"") is a chemical element with the symbol Li and atomic number 3. It is a soft, silver-white metal belonging to the alkali metal group of chemical elements. Under standard conditions it is the lightest metal and the least dense solid element."
4,Be,Beryllium,899.5,4300,SlateGray,0.3,0.00041,9.012182,s,2743,1560,Alkaline Earth Metal,France,1798,1.848,25000000,Conductor,[He]2s2,0,1.57,Stable,-1.26E-08,Diamagnetic,153 pm,hexagonal close-packed (hcp),2,Louis Nicolas Vauquelin,2,Solid,https://storage.googleapis.com/search-ar-edu/periodic-table/element_004_beryllium/element_004_beryllium.glb,Beryllium is a chemical element with symbol Be and atomic number 4. It is created through stellar nucleosynthesis and is a relatively rare element in the universe. It is a divalent element which occurs naturally only in combination with other elements in minerals.
5,B,Boron,800.6,17000,Black,410,2500,10.811,p,4273,2348,Metalloid,France and United Kingdom,1808,2.46,0.0001,Insulator,[He]2s2 2p1,26.7,2.04,Stable,-8.70E-09,Diamagnetic,192 pm,rhombohedral,3,Joseph Louis Gay-Lussac,2,Solid,https://storage.googleapis.com/search-ar-edu/periodic-table/element_005_boron/element_005_boron.glb,"Boron is a metalloid chemical element with symbol B and atomic number 5. Produced entirely by cosmic ray spallation and supernovae and not by stellar nucleosynthesis, it is a low-abundance element in both the Solar system and the Earth's crust. Boron is concentrated on Earth by the water-solubility of its more common naturally occurring compounds, the borate minerals."
6,C,Carbon,1086.5,3100000,Black,120000000,14400,12.0107,p,4300,3823,Other Nonmetal,Unknown,Ancient,2.26,100000,Conductor,[He]2s2 2p2,153.9,2.55,Stable,-6.20E-09,Diamagnetic,170 pm,face-centered diamond-cubic,4,Ancient Egypt,2,Solid,https://storage.googleapis.com/search-ar-edu/periodic-table/element_006_carbon/element_006_carbon.glb,"Carbon (from Latin:carbo ""coal"") is a chemical element with symbol C and atomic number 6. On the periodic table, it is the first (row 2) of six elements in column (group) 14, which have in common the composition of their outer electron shell. It is nonmetallic and tetravalent—making four electrons available to form covalent chemical bonds."
7,N,Nitrogen,1402.3,29000,Colorless,12000000,220,14.0067,p,77.36,63.15,Other Nonmetal,United Kingdom,1772,0.001251,Unknown,Unknown,[He] 2s2 2p3,7,3.04,Stable,-5.40E-09,Diamagnetic,155 pm,hexagonal,3,Daniel Rutherford,2,Gas,https://storage.googleapis.com/search-ar-edu/periodic-table/element_007_nitrogen/element_007_nitrogen.glb,"Nitrogen is a chemical element with symbol N and atomic number 7. It is the lightest pnictogen and at room temperature, it is a transparent, odorless diatomic gas. Nitrogen is a common element in the universe, estimated at about seventh in total abundance in the Milky Way and the Solar System."
8,O,Oxygen,1313.9,600000000,Colorless,240000000,331000000,15.9994,p,90.2,54.36,Other Nonmetal,Sweden and United Kingdom,1774,0.001429,Unknown,Unknown,[He]2s2 2p4,141,3.44,Stable,0.000001335,Paramagnetic,152 pm,cubic,2,Carl Wilhelm Scheele,2,Gas,https://storage.googleapis.com/search-ar-edu/periodic-table/element_008_oxygen/element_008_oxygen.glb,"Oxygen is a chemical element with symbol O and atomic number 8. It is a member of the chalcogen group on the periodic table and is a highly reactive nonmetal and oxidizing agent that readily forms compounds (notably oxides) with most elements. By mass, oxygen is the third-most abundant element in the universe, after hydrogen and helium."
9,F,Fluorine,1681,590000,Colorless,12000,420,18.9984032,p,85.03,53.53,Halogens,France,1670,0.001696,Unknown,Unknown,[He]2s2 2p5,328,3.98,Stable,Unknown,Unknown,135 pm,cubic,1,André-Marie Ampère,2,Gas,https://storage.googleapis.com/search-ar-edu/periodic-table/element_009_fluorine/element_009_fluorine.glb,"Fluorine is a chemical element with symbol F and atomic number 9. It is the lightest halogen and exists as a highly toxic pale yellow diatomic gas at standard conditions. As the most electronegative element, it is extremely reactive:almost all other elements, including some noble gases, form compounds with fluorine."
10,Ne,Neon,2080.7,3,Colorless,Unknown,0.037,20.1797,p,27.07,24.56,Noble Gas,United Kingdom,1898,0.0009,Unknown,Unknown,[He]2s2 2p6,0,Unknown,Stable,-4.10E-09,Diamagnetic,154 pm,face-centered cubic (fcc),0,Morris Travers,2,Gas,https://storage.googleapis.com/search-ar-edu/periodic-table/element_010_neon/element_010_neon.glb,"Neon is a chemical element with symbol Ne and atomic number 10. It is in group 18 (noble gases) of the periodic table. Neon is a colorless, odorless, inert monatomic gas under standard conditions, with about two-thirds the density of air."
11,Na,Sodium,495.8,21000000,Silver,380000,2970000,22.98977,s,1156,370.95,Alkali Metal,United Kingdom,1807,0.968,21000000,Conductor,[Ne]3s1,52.8,0.93,Stable,8.80E-09,Paramagnetic,227 pm,body-centered cubic (bcc),1,Humphry Davy,3,Solid,https://storage.googleapis.com/search-ar-edu/periodic-table/element_011_sodium/element_011_sodium.glb,"Sodium /ˈsoʊdiəm/ is a chemical element with symbol Na (from Ancient Greek Νάτριο) and atomic number 11. It is a soft, silver-white, highly reactive metal. In the Periodic table it is in column 1 (alkali metals), and shares with the other six elements in that column that it has a single electron in its outer shell, which it readily donates, creating a positively charged atom - a cation."
12,Mg,Magnesium,737.7,25000000,Silver,70000,337000,24.305,s,1363,923,Alkaline Earth Metal,United Kingdom,1808,1.738,23000000,Conductor,[Ne]3s2,0,1.31,Stable,6.90E-09,Paramagnetic,173 pm,hexagonal close-packed (hcp),2,Joseph Black,3,Solid,https://storage.googleapis.com/search-ar-edu/periodic-table/element_012_magnesium/element_012_magnesium.glb,"Magnesium is a chemical element with symbol Mg and atomic number 12. It is a shiny gray solid which bears a close physical resemblance to the other five elements in the second column (Group 2, or alkaline earth metals) of the periodic table:they each have the same electron configuration in their outer electron shell producing a similar crystal structure. Magnesium is the ninth most abundant element in the universe."
13,Al,Aluminium,577.5,63000000,Silver,210,1.1,26.981538,p,2792,933.437,Post Transition Metal,Denmark,Ancient,2.7,38000000,Conductor,[Ne]3s2 3p1,42.5,1.61,Stable,7.80E-09,Paramagnetic,184 pm,face-centered cubic (fcc),3,Unknown,3,Solid,https://storage.googleapis.com/search-ar-edu/periodic-table/element_013_aluminum/element_013_aluminum.glb,"Aluminium (or aluminum; see different endings) is a chemical element in the boron group with symbol Al and atomic number 13. It is a silvery-white, soft, nonmagnetic, ductile metal. Aluminium is the third most abundant element (after oxygen and silicon), and the most abundant metal, in the Earth's crust."
14,Si,Silicon,786.5,200000000,Gray,58000,220,28.0855,p,3173,1687,Metalloid,Sweden,1854,2.33,1000,Semiconductor,[Ne]3s2 3p2,133.6,1.9,Stable,-1.60E-09,Diamagnetic,210 pm,face-centered diamond-cubic,4,Jöns Jacob Berzelius,3,Solid,https://storage.googleapis.com/search-ar-edu/periodic-table/element_014_silicon/element_014_silicon.glb,"Silicon is a chemical element with symbol Si and atomic number 14. It is a tetravalent metalloid, more reactive than germanium, the metalloid directly below it in the table. Controversy about silicon's character dates to its discovery."
15,P,Phosphorus,1011.8,700000,Colorless,2200000,14,30.973761,p,553.6,317.3,Other Nonmetal,Germany,1669,1.823,10000000,Conductor,[Ne]3s2 3p3,72,2.19,Stable,-1.13E-08,Diamagnetic,180 pm,body-centered cubic (bcc),5,Hennig Brand,3,Solid,https://storage.googleapis.com/search-ar-edu/periodic-table/element_015_phosphorus/element_015_phosphorus.glb,"Phosphorus is a chemical element with symbol P and atomic number 15. As an element, phosphorus exists in two major forms—white phosphorus and red phosphorus—but due to its high reactivity, phosphorus is never found as a free element on Earth. Instead phosphorus-containing minerals are almost always present in their maximally oxidised state, as inorganic phosphate rocks."
16,S,Sulfur,999.6,270000,Yellow,390000,179000,32.065,p,717.87,388.36,Other Nonmetal,Unknown,Ancient,1.96,1.00E-15,Insulator,[Ne]3s2 3p4,200,2.58,Stable,-6.20E-09,Diamagnetic,180 pm,orthorhombic,6,Ancient china,3,Solid,https://storage.googleapis.com/search-ar-edu/periodic-table/element_016_sulfur/element_016_sulfur.glb,"Sulfur or sulphur (see spelling differences) is a chemical element with symbol S and atomic number 16. It is an abundant, multivalent non-metal. Under normal conditions, sulfur atoms form cyclic octatomic molecules with chemical formula S8."
17,Cl,Chlorine,1251.2,100000,Yellow,210000,3470000,35.453,p,239.11,171.65,Halogens,Sweden,1774,0.003214,0.01,Insulator,[Ne]3s2 3p5,349,3.16,Stable,-7.20E-09,Diamagnetic,175 pm,orthorhombic,5,Carl Wilhelm Scheele,3,Gas,https://storage.googleapis.com/search-ar-edu/periodic-table/element_017_chlorine/element_017_chlorine.glb,Chlorine is a chemical element with symbol Cl and atomic number 17. It also has a relative atomic mass of 35.5. Chlorine is in the halogen group (17) and is the second lightest halogen following fluorine.
18,Ar,Argon,1520.6,780,Colorless,Unknown,70,39.0983,p,87.3,83.8,Noble Gas,United Kingdom,1894,0.001784,Unknown,Unknown,[Ne]3s2 3p6,0,Unknown,Stable,-6.00E-09,Diamagnetic,188 pm,face-centered cubic (fcc),0,Lord Rayleigh,3,Gas,https://storage.googleapis.com/search-ar-edu/periodic-table/element_018_argon/element_018_argon.glb,"Argon is a chemical element with symbol Ar and atomic number 18. It is in group 18 of the periodic table and is a noble gas. Argon is the third most common gas in the Earth's atmosphere, at 0.934% (9,340 ppmv), making it over twice as abundant as the next most common atmospheric gas, water vapor (which averages about 4000 ppmv, but varies greatly), and 23 times as abundant as the next most common non-condensing atmospheric gas, carbon dioxide (400 ppmv), and more than 500 times as abundant as the next most common noble gas, neon (18 ppmv)."
19,K,Potassium,418.8,7800000,Silver,320000,65800,39.948,s,1032,336.53,Alkali Metal,United Kingdom,1807,0.856,14000000,Conductor,[Ar]4s1,48.4,0.82,Stable,6.70E-09,Paramagnetic,275 pm,body-centered cubic (bcc),1,Humphry Davy,4,Solid,https://storage.googleapis.com/search-ar-edu/periodic-table/element_019_potassium/element_019_potassium.glb,"Potassium is a chemical element with symbol K (derived from Neo-Latin, kalium) and atomic number 19. It was first isolated from potash, the ashes of plants, from which its name is derived. In the Periodic table, potassium is one of seven elements in column (group) 1 (alkali metals):they all have a single valence electron in their outer electron shell, which they readily give up to create an atom with a positive charge - a cation, and combine with anions to form salts."
20,Ca,Calcium,589.8,26000000,Silver,2200000,650,40.078,s,1757,1115,Alkaline Earth Metal,United Kingdom,Ancient,1.55,29000000,Conductor,[Ar]4s2,2.37,1,Stable,1.38E-08,Paramagnetic,231 pm,face-centered cubic (fcc),2,Humphry Davy,4,Solid,https://storage.googleapis.com/search-ar-edu/periodic-table/element_020_calcium/element_020_calcium.glb,"Calcium is a chemical element with symbol Ca and atomic number 20. Calcium is a soft gray alkaline earth metal, fifth-most-abundant element by mass in the Earth's crust. The ion Ca2+ is also the fifth-most-abundant dissolved ion in seawater by both molarity and mass, after sodium, chloride, magnesium, and sulfate."
21,Sc,Scandium,633.1,12000,Silver,Unknown,0.00021,44.95591,d,3103,1814,Transition Metal,Sweden,1879,2.985,1800000,Conductor,[Ar]4s2 3d1,18.1,1.36,Stable,8.80E-08,Paramagnetic,211 pm,hexagonal close-packed (hcp),3,Lars Fredrik Nilson,4,Solid,https://storage.googleapis.com/search-ar-edu/periodic-table/element_021_scandium/element_021_scandium.glb,"Scandium is a chemical element with symbol Sc and atomic number 21. A silvery-white metallic d-block element, it has historically been sometimes classified as a rare earth element, together with yttrium and the lanthanoids. It was discovered in 1879 by spectral analysis of the minerals euxenite and gadolinite from Scandinavia."
22,Ti,Titanium,658.8,2900000,Silver,Unknown,0.13,47.867,d,3560,1941,Transition Metal,United Kingdom,1791,4.507,2500000,Conductor,[Ar]4s2 3d2,7.6,1.54,Stable,4.01E-08,Paramagnetic,Unknown,hexagonal close-packed (hcp),4,William Gregor,4,Solid,https://storage.googleapis.com/search-ar-edu/periodic-table/element_022_titanium/element_022_titanium.glb,"Titanium is a chemical element with symbol Ti and atomic number 22. It is a lustrous transition metal with a silver color, low density and high strength. It is highly resistant to corrosion in sea water, aqua regia and chlorine."
23,V,Vanadium,650.9,75000,Silver,4,0.18,50.9415,d,3680,2183,Transition Metal,Mexico and Sweden,1801,6.11,5000000,Conductor,[Ar]4s2 3d3,50.6,1.63,Stable,6.28E-08,Paramagnetic,Unknown,body-centered cubic (bcc),5,Andrés Manuel del Río,4,Solid,https://storage.googleapis.com/search-ar-edu/periodic-table/element_023_vanadium/element_023_vanadium.glb,"Vanadium is a chemical element with symbol V and atomic number 23. It is a hard, silvery grey, ductile and malleable transition metal. The element is found only in chemically combined form in nature, but once isolated artificially, the formation of an oxide layer stabilizes the free metal somewhat against further oxidation."
24,Cr,Chromium,652.9,55000,Silver,4,0.071,51.9961,d,2944,2180,Transition Metal,France,1797,7.14,7900000,Conductor,[Ar]3d5 4s1,64.3,1.66,Stable,4.45E-08,Antiferromagnetic,Unknown,body-centered cubic (bcc),6,Louis Nicolas Vauquelin,4,Solid,https://storage.googleapis.com/search-ar-edu/periodic-table/element_024_chromium/element_024_chromium.glb,"Chromium is a chemical element with symbol Cr and atomic number 24. It is the first element in Group 6. It is a steely-gray, lustrous, hard and brittle metal which takes a high polish, resists tarnishing, and has a high melting point."
25,Mn,Manganese,717.3,420000,Silver,23,0.23,54.938049,d,2334,1519,Transition Metal,Sweden,1774,7.47,620000,Conductor,[Ar]4s2 3d5,0,1.55,Stable,1.21E-07,Paramagnetic,Unknown,body-centered cubic (bcc),4,Torbern Olof Bergman,4,Solid,https://storage.googleapis.com/search-ar-edu/periodic-table/element_025_manganese/element_025_manganese.glb,"Manganese is a chemical element with symbol Mn and atomic number 25. It is not found as a free element in nature; it is often found in combination with iron, and in many minerals. Manganese is a metal with important industrial metal alloy uses, particularly in stainless steels."
26,Fe,Iron,762.5,23000000,Gray,6700,0.33,55.845,d,3134,1811,Transition Metal,Unknown,Ancient,7.874,10000000,Conductor,[Ar]4s2 3d6,15.7,1.83,Stable,Unknown,Ferromagnetic,Unknown,face-centered cubic (fcc),3,5000 BC,4,Solid,https://storage.googleapis.com/search-ar-edu/periodic-table/element_026_iron/element_026_iron.glb,"Iron is a chemical element with symbol Fe (from Latin:ferrum) and atomic number 26. It is a metal in the first transition series. It is by mass the most common element on Earth, forming much of Earth's outer and inner core."
27,Co,Cobalt,760.4,10000,Gray,2,0.008,58.6934,d,3200,1768,Transition Metal,Sweden,1735,8.9,17000000,Conductor,[Ar]4s2 3d7,63.7,1.88,Stable,Unknown,Ferromagnetic,Unknown,hexagonal close-packed (hcp),4,Georg Brandt,4,Solid,https://storage.googleapis.com/search-ar-edu/periodic-table/element_027_cobalt/element_027_cobalt.glb,"Cobalt is a chemical element with symbol Co and atomic number 27. Like nickel, cobalt in the Earth's crust is found only in chemically combined form, save for small deposits found in alloys of natural meteoric iron. The free element, produced by reductive smelting, is a hard, lustrous, silver-gray metal."
28,Ni,Nickel,737.1,32000,Gray,11,0.21,58.9332,d,3186,1728,Transition Metal,Sweden,1751,8.908,14000000,Conductor,[Ar]4s2 3d8,112,1.91,Stable,Unknown,Ferromagnetic,163 pm,face-centered cubic (fcc),2,Axel Fredrik Cronstedt,4,Solid,https://storage.googleapis.com/search-ar-edu/periodic-table/element_028_nickel/element_028_nickel.glb,Nickel is a chemical element with symbol Ni and atomic number 28. It is a silvery-white lustrous metal with a slight golden tinge. Nickel belongs to the transition metals and is hard and ductile.
29,Cu,Copper,745.5,22000,Copper,99,0.29,63.546,d,3200,1357.77,Transition Metal,Unknown,Ancient,8.92,59000000,Conductor,[Ar]4s1 3d10,118.4,1.9,Stable,-1.08E-09,Diamagnetic,140 pm,face-centered cubic (fcc),2,Middle East,4,Solid,https://storage.googleapis.com/search-ar-edu/periodic-table/element_029_copper/element_029_copper.glb,"Copper is a chemical element with symbol Cu (from Latin:cuprum) and atomic number 29. It is a soft, malleable and ductile metal with very high thermal and electrical conductivity. A freshly exposed surface of pure copper has a reddish-orange color."
30,Zn,Zinc,906.4,25000,SlateGray,3200,0.47,65.409,d,1180,692.68,Transition Metal,Germany,1746,7.14,17000000,Conductor,[Ar]4s2 3d10,0,1.65,Stable,-2.21E-09,Diamagnetic,139 pm,hexagonal close-packed (hcp),2,India,4,Solid,https://storage.googleapis.com/search-ar-edu/periodic-table/element_030_zinc/element_030_zinc.glb,"Zinc, in commerce also spelter, is a chemical element with symbol Zn and atomic number 30. It is the first element of group 12 of the periodic table. In some respects zinc is chemically similar to magnesium:its ion is of similar size and its only common oxidation state is +2."
31,Ga,Gallium,578.8,5500,Silver,Unknown,0.0027,69.723,p,2477,302.91,Post Transition Metal,France,1875,5.904,7100000,Conductor,[Ar]4s2 3d10 4p1,28.9,1.81,Stable,-3.00E-09,Diamagnetic,187 pm,orthorhombic,3,Lecoq de Boisbaudran,4,Solid,https://storage.googleapis.com/search-ar-edu/periodic-table/element_031_gallium/element_031_gallium.glb,"Gallium is a chemical element with symbol Ga and atomic number 31. Elemental gallium does not occur in free form in nature, but as the gallium(III) compounds that are in trace amounts in zinc ores and in bauxite. Gallium is a soft, silvery metal, and elemental gallium is a brittle solid at low temperatures, and melts at 29.76 °C (85.57 °F) (slightly above room temperature)."
32,Ge,Germanium,762,390,Gray,Unknown,0.0051,72.64,p,3093,1211.4,Metalloid,Germany,1886,5.323,2000,Semiconductor,[Ar]4s2 3d10 4p2,119,2.01,Stable,-1.50E-09,Diamagnetic,211 pm,face-centered diamond-cubic,4,Clemens Winkler,4,Solid,https://storage.googleapis.com/search-ar-edu/periodic-table/element_032_germanium/element_032_germanium.glb,"Germanium is a chemical element with symbol Ge and atomic number 32. It is a lustrous, hard, grayish-white metalloid in the carbon group, chemically similar to its group neighbors tin and silicon. Purified germanium is a semiconductor, with an appearance most similar to elemental silicon."
33,As,Arsenic,947,580,Silver,4,0.19,74.9216,p,887,1090,Metalloid,Unknown,Ancient,5.727,3300000,Conductor,[Ar]4s2 3d10 4p3,78,2.18,Stable,-3.90E-09,Diamagnetic,185 pm,rhombohedral,5,Bronze Age,4,Solid,https://storage.googleapis.com/search-ar-edu/periodic-table/element_033_arsenic/element_033_arsenic.glb,"Arsenic is a chemical element with symbol As and atomic number 33. Arsenic occurs in many minerals, usually in conjunction with sulfur and metals, and also as a pure elemental crystal. Arsenic is a metalloid."
34,Se,Selenium,941,10,Gray,4,0.035,78.96,p,958,493.65,Other Nonmetal,Sweden,1817,4.819,Unknown,Unknown,[Ar]4s2 3d10 4p4,195,2.55,Stable,-4.00E-09,Diamagnetic,190 pm,hexagonal,6,Jöns Jakob Berzelius,4,Solid,https://storage.googleapis.com/search-ar-edu/periodic-table/element_034_selenium/element_034_selenium.glb,"Selenium is a chemical element with symbol Se and atomic number 34. It is a nonmetal with properties that are intermediate between those of its periodic table column-adjacent chalcogen elements sulfur and tellurium. It rarely occurs in its elemental state in nature, or as pure ore compounds."
35,Br,Bromine,1139.9,780,Red,230,5210,79.904,p,332,265.95,Halogens,France,1826,3.12,1.00E-10,Insulator,[Ar]4s2 3d10 4p5,324.6,2.96,Stable,-4.90E-09,Diamagnetic,185 pm,orthorhombic,5,Antoine Jérôme Balard,4,Liquid,https://storage.googleapis.com/search-ar-edu/periodic-table/element_035_bromine/element_035_bromine.glb,"Bromine (from Ancient Greek:βρῶμος, brómos, meaning ""stench"") is a chemical element with symbol Br, and atomic number 35. It is a halogen. The element was isolated independently by two chemists, Carl Jacob Löwig and Antoine Jerome Balard, in 1825–1826."
36,Kr,Krypton,1350.8,0.04,Colorless,Unknown,0.016,83.798,p,119.93,115.79,Noble Gas,United Kingdom,1898,0.00375,Unknown,Unknown,[Ar]4s2 3d10 4p6,0,3,Stable,-4.40E-09,Diamagnetic,202 pm,face-centered cubic (fcc),2,William Ramsay,4,Gas,https://storage.googleapis.com/search-ar-edu/periodic-table/element_036_krypton/element_036_krypton.glb,"Krypton (from Greek:κρυπτός kryptos ""the hidden one"") is a chemical element with symbol Kr and atomic number 36. It is a member of group 18 (noble gases) elements. A colorless, odorless, tasteless noble gas, krypton occurs in trace amounts in the atmosphere, is isolated by fractionally distilling liquefied air, and is often used with other rare gases in fluorescent lamps."
37,Rb,Rubidium,403,14000,Silver,340,8.7,85.4678,s,961,312.46,Alkali Metal,Germany,1861,1.532,8300000,Conductor,[Kr]5s1,46.9,0.82,Stable,2.60E-09,Paramagnetic,303 pm,body-centered cubic (bcc),1,Robert Bunsen,5,Solid,https://storage.googleapis.com/search-ar-edu/periodic-table/element_037_rubidium/element_037_rubidium.glb,"Rubidium is a chemical element with symbol Rb and atomic number 37. Rubidium is a soft, silvery-white metallic element of the alkali metal group, with an atomic mass of 85.4678. Elemental rubidium is highly reactive, with properties similar to those of other alkali metals, such as very rapid oxidation in air."
38,Sr,Strontium,549.5,85000,Silver,330,570,87.62,s,1655,1050,Alkaline Earth Metal,United Kingdom,1790,2.63,7700000,Conductor,[Kr]5s2,5.03,0.95,Stable,1.32E-09,Paramagnetic,249 pm,face-centered cubic (fcc),2,William Cruickshank (chemist),5,Solid,https://storage.googleapis.com/search-ar-edu/periodic-table/element_038_strontium/element_038_strontium.glb,"Strontium is a chemical element with symbol Sr and atomic number 38. An alkaline earth metal, strontium is a soft silver-white or yellowish metallic element that is highly reactive chemically. The metal turns yellow when it is exposed to air."
39,Y,Yttrium,600,6700,Silver,Unknown,0.0009,88.90585,d,3618,1795,Transition Metal,Finland,1794,4.472,1800000,Conductor,[Kr]5s2 4d1,29.6,1.22,Stable,6.66E-08,Paramagnetic,Unknown,hexagonal close-packed (hcp),3,Johan Gadolin,5,Solid,https://storage.googleapis.com/search-ar-edu/periodic-table/element_039_yttrium/element_039_yttrium.glb,"Yttrium is a chemical element with symbol Y and atomic number 39. It is a silvery-metallic transition metal chemically similar to the lanthanides and it has often been classified as a ""rare earth element"". Yttrium is almost always found combined with the lanthanides in rare earth minerals and is never found in nature as a free element."
40,Zr,Zirconium,640.1,30000,Silver,3,0.0018,91.224,d,4682,2128,Transition Metal,Germany,1789,6.511,2400000,Conductor,[Kr]5s2 4d2,41.1,1.33,Stable,1.68E-08,Paramagnetic,Unknown,hexagonal close-packed (hcp),4,Martin Heinrich Klaproth,5,Solid,https://storage.googleapis.com/search-ar-edu/periodic-table/element_040_zirconium/element_040_zirconium.glb,"Zirconium is a chemical element with symbol Zr and atomic number 40. The name of zirconium is taken from the name of the mineral zircon, the most important source of zirconium. The word zircon comes from the Persian word zargun زرگون, meaning ""gold-colored""."
41,Nb,Niobium,652.1,3700,Gray,Unknown,0.000067,92.90638,d,5017,2750,Transition Metal,United Kingdom,1801,8.57,6700000,Conductor,[Kr]5s1 4d4,86.1,1.6,Stable,2.76E-08,Paramagnetic,Unknown,body-centered cubic (bcc),5,Charles Hatchett,5,Solid,https://storage.googleapis.com/search-ar-edu/periodic-table/element_041_niobium/element_041_niobium.glb,"Niobium, formerly columbium, is a chemical element with symbol Nb (formerly Cb) and atomic number 41. It is a soft, grey, ductile transition metal, which is often found in the pyrochlore mineral, the main commercial source for niobium, and columbite. The name comes from Greek mythology:Niobe, daughter of Tantalus since it is so similar to tantalum."
42,Mo,Molybdenum,684.3,230,Gray,7,0.64,95.94,d,4912,2896,Transition Metal,Sweden,1778,10.28,20000000,Conductor,[Kr]5s1 4d5,71.9,2.16,Stable,1.17E-08,Paramagnetic,Unknown,body-centered cubic (bcc),6,Carl Wilhelm Scheele,5,Solid,https://storage.googleapis.com/search-ar-edu/periodic-table/element_042_molybdenum/element_042_molybdenum.glb,"Molybdenum is a chemical element with symbol Mo and atomic number 42. The name is from Neo-Latin molybdaenum, from Ancient Greek Μόλυβδος molybdos, meaning lead, since its ores were confused with lead ores. Molybdenum minerals have been known throughout history, but the element was discovered (in the sense of differentiating it as a new entity from the mineral salts of other metals) in 1778 by Carl Wilhelm Scheele."
43,Tc,Technetium,702,Unknown,Silver,Unknown,Unknown,98,d,4538,2430,Transition Metal,Italy,1937,11.5,5000000,Conductor,[Kr]5s2 4d5,53,1.9,Slightly Unstable,3.42E-08,Paramagnetic,Unknown,hexagonal close-packed (hcp),6,Emilio Segrè,5,Solid,https://storage.googleapis.com/search-ar-edu/periodic-table/element_043_technetium/element_043_technetium.glb,"Technetium (/tɛkˈniːʃiəm/) is a chemical element with symbol Tc and atomic number 43. It is the element with the lowest atomic number in the periodic table that has no stable isotopes:every form of it is radioactive. Nearly all technetium is produced synthetically, and only minute amounts are found in nature."
44,Ru,Ruthenium,710.2,0.2,Silver,Unknown,0.000043,101.07,d,4423,2607,Transition Metal,Russia,1827,12.37,14000000,Conductor,[Kr]5s1 4d7,101.3,2.2,Stable,5.42E-09,Paramagnetic,Unknown,hexagonal close-packed (hcp),6,Karl Ernst Claus,5,Solid,https://storage.googleapis.com/search-ar-edu/periodic-table/element_044_ruthenium/element_044_ruthenium.glb,"Ruthenium is a chemical element with symbol Ru and atomic number 44. It is a rare transition metal belonging to the platinum group of the periodic table. Like the other metals of the platinum group, ruthenium is inert to most other chemicals."
45,Rh,Rhodium,719.7,0.1,Silver,Unknown,Unknown,102.9055,d,3968,2237,Transition Metal,United Kingdom,1803,12.45,23000000,Conductor,[Kr]5s1 4d8,109.7,2.28,Stable,1.36E-08,Paramagnetic,Unknown,face-centered cubic (fcc),6,William Hyde Wollaston,5,Solid,https://storage.googleapis.com/search-ar-edu/periodic-table/element_045_rhodium/element_045_rhodium.glb,"Rhodium is a chemical element with symbol Rh and atomic number 45. It is a rare, silvery-white, hard, and chemically inert transition metal. It is a member of the platinum group."
46,Pd,Palladium,804.4,1,Silver,Unknown,Unknown,106.42,d,3236,1828.05,Transition Metal,United Kingdom,1803,12.023,10000000,Conductor,[Kr]4d10,53.7,2.2,Stable,6.57E-08,Paramagnetic,163 pm,face-centered cubic (fcc),4,William Hyde Wollaston,5,Solid,https://storage.googleapis.com/search-ar-edu/periodic-table/element_046_palladium/element_046_palladium.glb,"Palladium is a chemical element with symbol Pd and atomic number 46. It is a rare and lustrous silvery-white metal discovered in 1803 by William Hyde Wollaston. He named it after the asteroid Pallas, which was itself named after the epithet of the Greek goddess Athena, acquired by her when she slew Pallas."
47,Ag,Silver,731,20,Silver,Unknown,0.0057,107.8682,d,2435,1234.93,Transition Metal,Unknown,Ancient,10.49,62000000,Conductor,[Kr]5s1 4d10,125.6,1.93,Stable,-2.27E-09,Diamagnetic,172 pm,face-centered cubic (fcc),1,"unknown, before 5000 BC",5,Solid,https://storage.googleapis.com/search-ar-edu/periodic-table/element_047_silver/element_047_silver.glb,"Silver is a chemical element with symbol Ag (Greek:άργυρος árguros, Latin:argentum, both from the Indo-European root *h₂erǵ- for ""grey"" or ""shining"") and atomic number 47. A soft, white, lustrous transition metal, it possesses the highest electrical conductivity, thermal conductivity and reflectivity of any metal. The metal occurs naturally in its pure, free form (native silver), as an alloy with gold and other metals, and in minerals such as argentite and chlorargyrite."
48,Cd,Cadmium,867.8,30,Silver,39,0.0028,112.411,d,1040,594.22,Transition Metal,Germany,1817,8.65,14000000,Conductor,[Kr]5s2 4d10,0,1.69,Stable,-2.30E-09,Diamagnetic,158 pm,hexagonal close-packed (hcp),2,Karl Samuel Leberecht Hermann,5,Solid,https://storage.googleapis.com/search-ar-edu/periodic-table/element_048_cadmium/element_048_cadmium.glb,"Cadmium is a chemical element with symbol Cd and atomic number 48. This soft, bluish-white metal is chemically similar to the two other stable metals in group 12, zinc and mercury. Like zinc, it prefers oxidation state +2 in most of its compounds and like mercury it shows a low melting point compared to transition metals."
49,In,Indium,558.3,30,Silver,Unknown,0.000005,114.818,p,2345,429.75,Post Transition Metal,Germany,1863,7.31,12000000,Conductor,[Kr]5s2 4d10 5p1,28.9,1.78,Stable,-1.40E-09,Diamagnetic,193 pm,tetragonal,3,Ferdinand Reich,5,Solid,https://storage.googleapis.com/search-ar-edu/periodic-table/element_049_indium/element_049_indium.glb,"Indium is a chemical element with symbol In and atomic number 49. It is a post-transition metallic element that is rare in Earth's crust. The metal is very soft, malleable and easily fusible, with a melting point higher than sodium, but lower than lithium or tin."
50,Sn,Tin,708.6,380,Silver,11,0.00052,118.71,p,2875,505.08,Post Transition Metal,Unknown,Ancient,7.31,9100000,Conductor,[Kr]5s2 4d10 5p2,107.3,1.96,Stable,-3.10E-09,Diamagnetic,217 pm,face-centered diamond-cubic,4,"unknown, before 3500 BC",5,Solid,https://storage.googleapis.com/search-ar-edu/periodic-table/element_050_tin/element_050_tin.glb,"Tin is a chemical element with the symbol Sn (for Latin:stannum) and atomic number 50. It is a main group metal in group 14 of the periodic table. Tin shows a chemical similarity to both neighboring group-14 elements, germanium and lead, and has two possible oxidation states, +2 and the slightly more stable +4."
51,Sb,Antimony,834,30,Silver,Unknown,0.01,121.76,p,1860,903.78,Metalloid,one,Ancient,6.697,2500000,Conductor,[Kr]5s2 4d10 5p3,103.2,2.05,Stable,-1.09E-08,Diamagnetic,206 pm,rhombohedral,5,"unknown, before 3000 BC",5,Solid,https://storage.googleapis.com/search-ar-edu/periodic-table/element_051_antimony/element_051_antimony.glb,"Antimony is a chemical element with symbol Sb (from Latin:stibium) and atomic number 51. A lustrous gray metalloid, it is found in nature mainly as the sulfide mineral stibnite (Sb2S3). Antimony compounds have been known since ancient times and were used for cosmetics; metallic antimony was also known, but it was erroneously identified as lead upon its discovery."
52,Te,Tellurium,869.3,0.2,Silver,Unknown,Unknown,126.90447,p,1261,722.66,Metalloid,Romania,1782,6.24,10000,Semiconductor,[Kr]5s2 4d10 5p4,190.2,2.1,Stable,-3.90E-09,Diamagnetic,206 pm,hexagonal,6,Franz-Joseph Müller von Reichenstein,5,Solid,https://storage.googleapis.com/search-ar-edu/periodic-table/element_052_tellurium/element_052_tellurium.glb,"Tellurium is a chemical element with symbol Te and atomic number 52. It is a brittle, mildly toxic, rare, silver-white metalloid. Tellurium is chemically related to selenium and sulfur."
53,I,Iodine,1008.4,80,SlateGray,10,2.9,127.6,p,457.4,386.85,Halogens,France,1811,4.94,1.00E-07,Insulator,[Kr]5s2 4d10 5p5,295.2,2.66,Stable,-4.50E-09,Diamagnetic,198 pm,orthorhombic,7,Bernard Courtois,5,Solid,https://storage.googleapis.com/search-ar-edu/periodic-table/element_053_iodine/element_053_iodine.glb,"Iodine is a chemical element with symbol I and atomic number 53. The name is from Greek ἰοειδής ioeidēs, meaning violet or purple, due to the color of iodine vapor. Iodine and its compounds are primarily used in nutrition, and industrially in the production of acetic acid and certain polymers."
54,Xe,Xenon,1170.4,0.003,Colorless,Unknown,0.00024,131.293,p,165.1,161.36,Noble Gas,United Kingdom,1898,0.0059,Unknown,Unknown,[Kr]5s2 4d10 5p6,0,2.6,Stable,-4.30E-09,Diamagnetic,216 pm,face-centered cubic (fcc),6,William Ramsay,5,Gas,https://storage.googleapis.com/search-ar-edu/periodic-table/element_054_xenon/element_054_xenon.glb,"Xenon is a chemical element with symbol Xe and atomic number 54. It is a colorless, dense, odorless noble gas, that occurs in the Earth's atmosphere in trace amounts. Although generally unreactive, xenon can undergo a few chemical reactions such as the formation of xenon hexafluoroplatinate, the first noble gas compound to be synthesized."
55,Cs,Cesium,375.7,290,Silver,1,0.023,132.90545,s,944,301.59,Alkali Metal,Germany,1860,1.879,5000000,Conductor,[Xe]6s1,45.5,0.79,Stable,2.80E-09,Paramagnetic,343 pm,body-centered cubic (bcc),1,Robert Bunsen,6,Solid,https://storage.googleapis.com/search-ar-edu/periodic-table/element_055_cesium/element_055_cesium.glb,"Caesium or cesium is a chemical element with symbol Cs and atomic number 55. It is a soft, silvery-gold alkali metal with a melting point of 28 °C (82 °F), which makes it one of only five elemental metals that are liquid at or near room temperature. Caesium is an alkali metal and has physical and chemical properties similar to those of rubidium and potassium."
56,Ba,Barium,502.9,51000,Silver,14,1.4,137.327,s,2143,1000,Alkaline Earth Metal,United Kingdom,1808,3.51,2900000,Conductor,[Xe]6s2,13.95,0.89,Stable,1.13E-08,Paramagnetic,268 pm,body-centered cubic (bcc),2,Carl Wilhelm Scheele,6,Solid,https://storage.googleapis.com/search-ar-edu/periodic-table/element_056_barium/element_056_barium.glb,"Barium is a chemical element with symbol Ba and atomic number 56. It is the fifth element in Group 2, a soft silvery metallic alkaline earth metal. Because of its high chemical reactivity barium is never found in nature as a free element."
57,La,Lanthanum,538.1,5000,Silver,Unknown,0.00015,138.9055,f,3737,1191,Lanthanide,Sweden,1839,6.146,1600000,Conductor,[Xe]6s2 5d1,48,1.1,Stable,1.10E-08,Paramagnetic,Unknown,double hexagonal close-packed (dhcp),3,Carl Gustaf Mosander,6,Solid,https://storage.googleapis.com/search-ar-edu/periodic-table/element_057_lanthanum/element_057_lanthanum.glb,"Lanthanum is a soft, ductile, silvery-white metallic chemical element with symbol La and atomic number 57. It tarnishes rapidly when exposed to air and is soft enough to be cut with a knife. It gave its name to the lanthanide series, a group of 15 similar elements between lanthanum and lutetium in the periodic table:it is also sometimes considered the first element of the 6th-period transition metals."
58,Ce,Cerium,534.4,8900,Silver,Unknown,0.000053,140.116,f,3633,1071,Lanthanide,Germany and Sweden,1803,6.689,1400000,Conductor,[Xe]6s2 4f1 5d1,50,1.12,Stable,2.20E-07,Paramagnetic,Unknown,face-centered cubic (fcc),4,Martin Heinrich Klaproth,6,Solid,https://storage.googleapis.com/search-ar-edu/periodic-table/element_058_cerium/element_058_cerium.glb,"Cerium is a chemical element with symbol Ce and atomic number 58. It is a soft, silvery, ductile metal which easily oxidizes in air. Cerium was named after the dwarf planet Ceres (itself named after the Roman goddess of agriculture)."
59,Pr,Praseodymium,527,1300,Silver,Unknown,0.000026,140.90765,f,3563,1204,Lanthanide,Austria,1885,6.64,1400000,Conductor,[Xe]6s2 4f3,50,1.13,Stable,4.23E-07,Paramagnetic,Unknown,double hexagonal close-packed (dhcp),4,Carl Auer von Welsbach,6,Solid,https://storage.googleapis.com/search-ar-edu/periodic-table/element_059_praseodymium/element_059_praseodymium.glb,"Praseodymium is a chemical element with symbol Pr and atomic number 59. Praseodymium is a soft, silvery, malleable and ductile metal in the lanthanide group. It is valued for its magnetic, electrical, chemical, and optical properties."
60,Nd,Neodymium,533.1,4800,Silver,Unknown,0.00012,144.24,f,3373,1294,Lanthanide,Austria,1885,7.01,1600000,Conductor,[Xe]6s2 4f4,50,1.14,Stable,4.80E-07,Paramagnetic,Unknown,double hexagonal close-packed (dhcp),3,Carl Auer von Welsbach,6,Solid,https://storage.googleapis.com/search-ar-edu/periodic-table/element_060_neodymium/element_060_neodymium.glb,Neodymium is a chemical element with symbol Nd and atomic number 60. It is a soft silvery metal that tarnishes in air. Neodymium was discovered in 1885 by the Austrian chemist Carl Auer von Welsbach.
61,Pm,Promethium,540,Unknown,Silver,Unknown,Unknown,145,f,3273,1315,Lanthanide,United States,1945,7.264,1300000,Conductor,[Xe]6s2 4f5,50,1.13,Slightly Unstable,Unknown,Unknown,Unknown,double hexagonal close-packed (dhcp),3,Chien Shiung Wu,6,Solid,https://storage.googleapis.com/search-ar-edu/periodic-table/element_061_promethium/element_061_promethium.glb,"Promethium, originally prometheum, is a chemical element with the symbol Pm and atomic number 61. All of its isotopes are radioactive; it is one of only two such elements that are followed in the periodic table by elements with stable forms, a distinction shared with technetium. Chemically, promethium is a lanthanide, which forms salts when combined with other elements."
62,Sm,Samarium,544.5,820,Silver,Unknown,0.000019,150.36,f,2076,1347,Lanthanide,France,1879,7.353,1100000,Conductor,[Xe]6s2 4f6,50,1.17,Stable,1.11E-07,Paramagnetic,Unknown,rhombohedral,3,Lecoq de Boisbaudran,6,Solid,https://storage.googleapis.com/search-ar-edu/periodic-table/element_062_samarium/element_062_samarium.glb,"Samarium is a chemical element with symbol Sm and atomic number 62. It is a moderately hard silvery metal that readily oxidizes in air. Being a typical member of the lanthanide series, samarium usually assumes the oxidation state +3."
63,Eu,Europium,547.1,240,Silver,Unknown,0.000005,151.964,f,1800,1095,Lanthanide,France,1901,5.244,1100000,Conductor,[Xe]6s2 4f7,50,1.2,Stable,2.76E-07,Paramagnetic,Unknown,body-centered cubic (bcc),3,Eugène-Anatole Demarçay,6,Solid,https://storage.googleapis.com/search-ar-edu/periodic-table/element_063_europium/element_063_europium.glb,"Europium is a chemical element with symbol Eu and atomic number 63. It was isolated in 1901 and is named after the continent of Europe. It is a moderately hard, silvery metal which readily oxidizes in air and water."
64,Gd,Gadolinium,593.4,680,Silver,Unknown,0.000028,157.25,f,3523,1586,Lanthanide,Switzerland,1880,7.901,770000,Conductor,[Xe]6s2 4f7 5d1,50,1.2,Stable,Unknown,Ferromagnetic,Unknown,hexagonal close-packed (hcp),3,Jean Charles Galissard de Marignac,6,Solid,https://storage.googleapis.com/search-ar-edu/periodic-table/element_064_gadolinium/element_064_gadolinium.glb,"Gadolinium is a chemical element with symbol Gd and atomic number 64. It is a silvery-white, malleable and ductile rare-earth metal. It is found in nature only in combined (salt) form."
65,Tb,Terbium,565.8,120,Silver,Unknown,0.000005,158.92534,f,3503,1629,Lanthanide,Sweden,1843,8.219,830000,Conductor,[Xe]6s2 4f9,50,1.1,Stable,0.0000136,Paramagnetic,Unknown,hexagonal close-packed (hcp),3,Carl Gustaf Mosander,6,Solid,https://storage.googleapis.com/search-ar-edu/periodic-table/element_065_terbium/element_065_terbium.glb,"Terbium is a chemical element with symbol Tb and atomic number 65. It is a silvery-white rare earth metal that is malleable, ductile and soft enough to be cut with a knife. Terbium is never found in nature as a free element, but it is contained in many minerals, including cerite, gadolinite, monazite, xenotime and euxenite."
66,Dy,Dysprosium,573,790,Silver,Unknown,0.000035,162.5,f,2840,1685,Lanthanide,France,1886,8.551,1100000,Conductor,[Xe]6s2 4f10,50,1.22,Stable,0.00000545,Paramagnetic,Unknown,hexagonal close-packed (hcp),3,Lecoq de Boisbaudran,6,Solid,https://storage.googleapis.com/search-ar-edu/periodic-table/element_066_dysprosium/element_066_dysprosium.glb,"Dysprosium is a chemical element with the symbol Dy and atomic number 66. It is a rare earth element with a metallic silver luster. Dysprosium is never found in nature as a free element, though it is found in various minerals, such as xenotime."
67,Ho,Holmium,581,150,Silver,Unknown,0.000008,164.93032,f,2973,1747,Lanthanide,Switzerland,1878,8.795,1100000,Conductor,[Xe]6s2 4f11,50,1.23,Stable,0.00000549,Paramagnetic,Unknown,hexagonal close-packed (hcp),3,Marc Delafontaine,6,Solid,https://storage.googleapis.com/search-ar-edu/periodic-table/element_067_holmium/element_067_holmium.glb,"Holmium is a chemical element with symbol Ho and atomic number 67. Part of the lanthanide series, holmium is a rare earth element. Holmium was discovered by Swedish chemist Per Theodor Cleve."
68,Er,Erbium,589.3,370,Silver,Unknown,0.000033,167.259,f,3141,1802,Lanthanide,Sweden,1843,9.066,1200000,Conductor,[Xe]6s2 4f12,50,1.24,Stable,0.00000377,Paramagnetic,Unknown,hexagonal close-packed (hcp),3,Carl Gustaf Mosander,6,Solid,https://storage.googleapis.com/search-ar-edu/periodic-table/element_068_erbium/element_068_erbium.glb,"Erbium is a chemical element in the lanthanide series, with symbol Er and atomic number 68. A silvery-white solid metal when artificially isolated, natural erbium is always found in chemical combination with other elements on Earth. As such, it is a rare earth element which is associated with several other rare elements in the mineral gadolinite from Ytterby in Sweden, where yttrium, ytterbium, and terbium were discovered."
69,Tm,Thulium,596.7,50,Silver,Unknown,0.000007,168.93421,f,2223,1818,Lanthanide,Sweden,1879,9.321,1400000,Conductor,[Xe]6s2 4f13,50,1.25,Stable,0.00000199,Paramagnetic,Unknown,hexagonal close-packed (hcp),3,Per Teodor Cleve,6,Solid,https://storage.googleapis.com/search-ar-edu/periodic-table/element_069_thulium/element_069_thulium.glb,"Thulium is a chemical element with symbol Tm and atomic number 69. It is the thirteenth and antepenultimate (third-last) element in the lanthanide series. Like the other lanthanides, the most common oxidation state is +3, seen in its oxide, halides and other compounds."
70,Yb,Ytterbium,603.4,340,Silver,Unknown,0.000029,173.04,f,1469,1092,Lanthanide,Switzerland,1878,6.57,3600000,Conductor,[Xe]6s2 4f14,50,1.1,Stable,5.90E-09,Paramagnetic,Unknown,face-centered cubic (fcc),3,Jean Charles Galissard de Marignac,6,Solid,https://storage.googleapis.com/search-ar-edu/periodic-table/element_070_ytterbium/element_070_ytterbium.glb,"Ytterbium is a chemical element with symbol Yb and atomic number 70. It is the fourteenth and penultimate element in the lanthanide series, which is the basis of the relative stability of its +2 oxidation state. However, like the other lanthanides, its most common oxidation state is +3, seen in its oxide, halides and other compounds."
71,Lu,Lutetium,523.5,70,Silver,Unknown,0.000005,174.967,d,3675,1936,Lanthanide,France and Germany,1907,9.841,1800000,Conductor,[Xe]6s2 4f14 5d1,50,1.27,Stable,1.20E-09,Paramagnetic,Unknown,hexagonal close-packed (hcp),3,Georges Urbain,6,Solid,https://storage.googleapis.com/search-ar-edu/periodic-table/element_071_lutetium/element_071_lutetium.glb,"Lutetium is a chemical element with symbol Lu and atomic number 71. It is a silvery white metal, which resists corrosion in dry, but not in moist air. It is considered the first element of the 6th-period transition metals and the last element in the lanthanide series, and is traditionally counted among the rare earths."
72,Hf,Hafnium,658.5,380,Gray,Unknown,0.00028,178.49,d,4876,2506,Transition Metal,Denmark,1923,13.31,3300000,Conductor,[Xe]6s2 4f14 5d2,0,1.3,Stable,5.30E-09,Paramagnetic,Unknown,hexagonal close-packed (hcp),4,Dirk Coster,6,Solid,https://storage.googleapis.com/search-ar-edu/periodic-table/element_072_hafnium/element_072_hafnium.glb,"Hafnium is a chemical element with symbol Hf and atomic number 72. A lustrous, silvery gray, tetravalent transition metal, hafnium chemically resembles zirconium and is found in zirconium minerals. Its existence was predicted by Dmitri Mendeleev in 1869, though it was not identified until 1923, making it the penultimate stable element to be discovered (rhenium was identified two years later)."
73,Ta,Tantalum,761,190,Gray,Unknown,0.000068,180.9479,d,5731,3290,Transition Metal,Sweden,1802,16.65,7700000,Conductor,[Xe]6s2 4f14 5d3,31,1.5,Stable,1.07E-08,Paramagnetic,Unknown,tetragonal,5,Anders Gustaf Ekeberg,6,Solid,https://storage.googleapis.com/search-ar-edu/periodic-table/element_073_tantalum/element_073_tantalum.glb,"Tantalum is a chemical element with symbol Ta and atomic number 73. Previously known as tantalium, its name comes from Tantalus, an antihero from Greek mythology. Tantalum is a rare, hard, blue-gray, lustrous transition metal that is highly corrosion-resistant."
74,W,Tungsten,770,120,Gray,Unknown,0.004,183.84,d,5828,3695,Transition Metal,Spain,1783,19.25,20000000,Conductor,[Xe]6s2 4f14 5d4,78.6,2.36,Stable,4.59E-09,Paramagnetic,Unknown,body-centered cubic (bcc),6,Carl Wilhelm Scheele,6,Solid,https://storage.googleapis.com/search-ar-edu/periodic-table/element_074_tungsten/element_074_tungsten.glb,"Tungsten, also known as wolfram, is a chemical element with symbol W and atomic number 74. The word tungsten comes from the Swedish language tung sten, which directly translates to heavy stone. Its name in Swedish is volfram, however, in order to distinguish it from scheelite, which in Swedish is alternatively named tungsten."
75,Re,Rhenium,760,0.3,Gray,Unknown,0.000033,186.207,d,5869,3459,Transition Metal,Germany,1925,21.02,5600000,Conductor,[Xe]6s2 4f14 5d5,14.5,1.9,Stable,4.56E-09,Paramagnetic,Unknown,hexagonal close-packed (hcp),7,Masataka Ogawa,6,Solid,https://storage.googleapis.com/search-ar-edu/periodic-table/element_075_rhenium/element_075_rhenium.glb,"Rhenium is a chemical element with symbol Re and atomic number 75. It is a silvery-white, heavy, third-row transition metal in group 7 of the periodic table. With an estimated average concentration of 1 part per billion (ppb), rhenium is one of the rarest elements in the Earth's crust."
76,Os,Osmium,840,0.2,SlateGray,Unknown,Unknown,190.23,d,5285,3306,Transition Metal,United Kingdom,1803,22.59,12000000,Conductor,[Xe]6s2 4f14 5d6,106.1,2.2,Stable,6.00E-10,Paramagnetic,Unknown,hexagonal close-packed (hcp),6,Smithson Tennant,6,Solid,https://storage.googleapis.com/search-ar-edu/periodic-table/element_076_osmium/element_076_osmium.glb,"Osmium (from Greek osme (ὀσμή) meaning ""smell"") is a chemical element with symbol Os and atomic number 76. It is a hard, brittle, bluish-white transition metal in the platinum group that is found as a trace element in alloys, mostly in platinum ores. Osmium is the densest naturally occurring element, with a density of 22.59 g/cm3."
77,Ir,Iridium,880,0.05,Silver,Unknown,Unknown,192.217,d,4701,2719,Transition Metal,France and United Kingdom,1803,22.56,21000000,Conductor,[Xe]6s2 4f14 5d7,151,2.2,Stable,1.67E-09,Paramagnetic,Unknown,face-centered cubic (fcc),6,Smithson Tennant,6,Solid,https://storage.googleapis.com/search-ar-edu/periodic-table/element_077_iridium/element_077_iridium.glb,"Iridium is a chemical element with symbol Ir and atomic number 77. A very hard, brittle, silvery-white transition metal of the platinum group, iridium is generally credited with being the second densest element (after osmium) based on measured density, although calculations involving the space lattices of the elements show that iridium is denser. It is also the most corrosion-resistant metal, even at temperatures as high as 2000 °C. Although only certain molten salts and halogens are corrosive to solid iridium, finely divided iridium dust is much more reactive and can be flammable."
78,Pt,Platinum,870,4,Gray,Unknown,Unknown,195.078,d,4098,2041.55,Transition Metal,Peru,1735,21.09,9400000,Conductor,[Xe]6s1 4f14 5d9,205.3,2.28,Stable,1.22E-08,Paramagnetic,175 pm,face-centered cubic (fcc),6,Antonio de Ulloa,6,Solid,https://storage.googleapis.com/search-ar-edu/periodic-table/element_078_platinum/element_078_platinum.glb,"Platinum is a chemical element with symbol Pt and atomic number 78. It is a dense, malleable, ductile, highly unreactive, precious, gray-white transition metal. Its name is derived from the Spanish term platina, which is literally translated into ""little silver""."
79,Au,Gold,890.1,0.3,Gold,3,0.0016,196.96655,d,3129,1337.33,Transition Metal,Unknown,Ancient,19.3,45000000,Conductor,[Xe]6s1 4f14 5d10,222.8,2.54,Stable,-1.78E-09,Diamagnetic,166 pm,face-centered cubic (fcc),5,Middle East,6,Solid,https://storage.googleapis.com/search-ar-edu/periodic-table/element_079_gold/element_079_gold.glb,"Gold is a chemical element with symbol Au (from Latin:aurum) and atomic number 79. In its purest form, it is a bright, slightly reddish yellow, dense, soft, malleable and ductile metal. Chemically, gold is a transition metal and a group 11 element."
80,Hg,Mercury,1007.1,7,Silver,Unknown,0.0015,200.59,d,629.88,234.32,Transition Metal,Unknown,Ancient,13.534,1000000,Conductor,[Xe]6s2 4f14 5d10,0,2,Stable,-2.10E-09,Diamagnetic,155 pm,rhombohedral,2,"unknown, before 2000 BCE",6,Liquid,https://storage.googleapis.com/search-ar-edu/periodic-table/element_080_mercury/element_080_mercury.glb,"Mercury is a chemical element with symbol Hg and atomic number 80. It is commonly known as quicksilver and was formerly named hydrargyrum (/haɪˈdrɑːrdʒərəm/). A heavy, silvery d-block element, mercury is the only metallic element that is liquid at standard conditions for temperature and pressure; the only other element that is liquid under these conditions is bromine, though metals such as caesium, gallium, and rubidium melt just above room temperature."
81,Tl,Thallium,589.4,50,Silver,Unknown,0.00003,204.3833,p,1746,577,Post Transition Metal,United Kingdom,1861,11.85,6700000,Conductor,[Xe]6s2 4f14 5d10 6p1,19.2,1.62,Stable,-3.00E-09,Diamagnetic,196 pm,hexagonal close-packed (hcp),3,William Crookes,6,Solid,https://storage.googleapis.com/search-ar-edu/periodic-table/element_081_thallium/element_081_thallium.glb,"Thallium is a chemical element with symbol Tl and atomic number 81. This soft gray post-transition metal is not found free in nature. When isolated, it resembles tin, but discolors when exposed to air."
82,Pb,Lead,715.6,1000,SlateGray,50,0.0009,207.2,p,2022,600.61,Post Transition Metal,Unknown,Ancient,11.34,4800000,Conductor,[Xe]6s2 4f14 5d10 6p2,35.1,2.33,Stable,-1.50E-09,Diamagnetic,202 pm,face-centered cubic (fcc),4,Middle East,6,Solid,https://storage.googleapis.com/search-ar-edu/periodic-table/element_082_lead/element_082_lead.glb,"Lead (/lɛd/) is a chemical element in the carbon group with symbol Pb (from Latin:plumbum) and atomic number 82. Lead is a soft, malleable and heavy post-transition metal. Metallic lead has a bluish-white color after being freshly cut, but it soon tarnishes to a dull grayish color when exposed to air."
83,Bi,Bismuth,703,2,Gray,Unknown,0.00059,208.98038,p,1837,544.55,Post Transition Metal,one,1753,9.78,770000,Conductor,[Xe]6s2 4f14 5d10 6p3,91.2,2.02,Slightly Unstable,-1.70E-08,Diamagnetic,207 pm,rhombohedral,5,Claude François Geoffroy,6,Solid,https://storage.googleapis.com/search-ar-edu/periodic-table/element_083_bismuth/element_083_bismuth.glb,"Bismuth is a chemical element with symbol Bi and atomic number 83. Bismuth, a pentavalent post-transition metal, chemically resembles arsenic and antimony. Elemental bismuth may occur naturally, although its sulfide and oxide form important commercial ores."
84,Po,Polonium,812.1,Unknown,Silver,Unknown,0,209,p,1235,527,Metalloid,France,1898,9.196,2300000,Conductor,[Xe]6s2 4f14 5d10 6p4,183.3,2,Slightly Unstable,Unknown,Unknown,197 pm,rhombohedral,6,Pierre Curie,6,Solid,https://storage.googleapis.com/search-ar-edu/periodic-table/element_084_polonium/element_084_polonium.glb,"Polonium is a chemical element with symbol Po and atomic number 84, discovered in 1898 by Marie Curie and Pierre Curie. A rare and highly radioactive element with no stable isotopes, polonium is chemically similar to bismuth and tellurium, and it occurs in uranium ores. Applications of polonium are few."
85,At,Astatine,899.003,Unknown,Silver,Unknown,Unknown,210,p,Unknown,575,Halogens,United States,1940,Unknown,Unknown,Unknown,[Xe]6s2 4f14 5d10 6p5,270.1,2.2,Unstable,Unknown,Unknown,202 pm,face-centered cubic (fcc),7,Dale R. Corson,6,Solid,https://storage.googleapis.com/search-ar-edu/periodic-table/element_085_astatine/element_085_astatine.glb,"Astatine is a very rare radioactive chemical element with the chemical symbol At and atomic number 85. It occurs on Earth as the decay product of various heavier elements. All its isotopes are short-lived; the most stable is astatine-210, with a half-life of 8.1 hours."
86,Rn,Radon,1037,Unknown,Colorless,Unknown,0,222,p,211.3,202,Noble Gas,Germany,1900,0.00973,Unknown,Unknown,[Xe]6s2 4f14 5d10 6p6,0,2.2,Highly Unstable,Unknown,Unknown,220 pm,face-centered cubic (fcc),6,Friedrich Ernst Dorn,6,Gas,https://storage.googleapis.com/search-ar-edu/periodic-table/element_086_radon/element_086_radon.glb,"Radon is a chemical element with symbol Rn and atomic number 86. It is a radioactive, colorless, odorless, tasteless noble gas, occurring naturally as a decay product of radium. Its most stable isotope, 222Rn, has a half-life of 3.8 days."
87,Fr,Francium,380,Unknown,Silver,Unknown,Unknown,223,s,Unknown,300,Alkali Metal,France,1939,Unknown,Unknown,Unknown,[Rn]7s1,Unknown,0.79,Highly Unstable,Unknown,Unknown,348 pm (extrapolated),body-centered cubic (bcc),1,Marguerite Perey,7,Solid,https://storage.googleapis.com/search-ar-edu/periodic-table/element_087_francium/element_087_francium.glb,"Francium is a chemical element with symbol Fr and atomic number 87. It used to be known as eka-caesium and actinium K. It is the second-least electronegative element, behind only caesium. Francium is a highly radioactive metal that decays into astatine, radium, and radon."
88,Ra,Radium,509.3,0.00001,Silver,0.00000003,0.0000000003,226,s,2010,973,Alkaline Earth Metal,France,1898,5,1000000,Conductor,[Rn]7s2,Unknown,0.9,Unstable,Unknown,Unknown,283 pm,body-centered cubic (bcc),2,Pierre Curie,7,Solid,https://storage.googleapis.com/search-ar-edu/periodic-table/element_088_radium/element_088_radium.glb,"Radium is a chemical element with symbol Ra and atomic number 88. It is the sixth element in group 2 of the periodic table, also known as the alkaline earth metals. Pure radium is almost colorless, but it readily combines with nitrogen (rather than oxygen) on exposure to air, forming a black surface layer of radium nitride (Ra3N2)."
89,Ac,Actinium,499,540,Silver,Unknown,0.0000011,227,f,3473,1324,Actinide,France,1899,10.07,Unknown,Unknown,[Rn]7s2 6d1,Unknown,1.1,Unstable,Unknown,Unknown,Unknown,face-centered cubic (fcc),3,Friedrich Oskar Giesel,7,Solid,https://storage.googleapis.com/search-ar-edu/periodic-table/element_089_actinium/element_089_actinium.glb,"Actinium is a radioactive chemical element with symbol Ac (not to be confused with the abbreviation for an acetyl group) and atomic number 89, which was discovered in 1899. It was the first non-primordial radioactive element to be isolated. Polonium, radium and radon were observed before actinium, but they were not isolated until 1902."
90,Th,Thorium,587,0.0000009,Silver,Unknown,0,231.03588,f,5093,2023,Actinide,Sweden,1828,11.724,6700000,Conductor,[Rn]7s2 6d2,Unknown,1.3,Unstable,7.20E-09,Paramagnetic,Unknown,face-centered cubic (fcc),4,Jöns Jakob Berzelius,7,Solid,https://storage.googleapis.com/search-ar-edu/periodic-table/element_090_thorium/element_090_thorium.glb,"Thorium is a chemical element with symbol Th and atomic number 90. A radioactive actinide metal, thorium is one of only two significantly radioactive elements that still occur naturally in large quantities as a primordial element (the other being uranium). It was discovered in 1828 by the Norwegian Reverend and amateur mineralogist Morten Thrane Esmark and identified by the Swedish chemist Jöns Jakob Berzelius, who named it after Thor, the Norse god of thunder."
91,Pa,Protactinium,568,150,Silver,0.03,0.086,232.0381,f,4273,1845,Actinide,Germany and United Kingdom,1913,15.37,5600000,Conductor,[Rn]7s2 5f2 6d1,Unknown,1.5,Slightly Unstable,3.25E-08,Paramagnetic,Unknown,tetragonal,5,William Crookes,7,Solid,https://storage.googleapis.com/search-ar-edu/periodic-table/element_091_protactinium/element_091_protactinium.glb,"Protactinium is a chemical element with symbol Pa and atomic number 91. It is a dense, silvery-gray metal which readily reacts with oxygen, water vapor and inorganic acids. It forms various chemical compounds where protactinium is usually present in the oxidation state +5, but can also assume +4 and even +2 or +3 states."
92,U,Uranium,597.6,Unknown,Silver,Unknown,Unknown,237,f,4200,1408,Actinide,Germany,1789,19.05,3600000,Conductor,[Rn]7s2 5f3 6d1,Unknown,1.38,Unstable,2.16E-08,Paramagnetic,186 pm,orthorhombic,6,Martin Heinrich Klaproth,7,Solid,https://storage.googleapis.com/search-ar-edu/periodic-table/element_092_uranium/element_092_uranium.glb,"Uranium is a chemical element with symbol U and atomic number 92. It is a silvery-white metal in the actinide series of the periodic table. A uranium atom has 92 protons and 92 electrons, of which 6 are valence electrons."
93,Np,Neptunium,604.5,Unknown,Silver,Unknown,Unknown,238.02891,f,4273,917,Actinide,United States,1940,20.45,830000,Conductor,[Rn]7s2 5f4 6d1,Unknown,1.36,Slightly Unstable,Unknown,Unknown,Unknown,orthorhombic,6,Edwin McMillan,7,Solid,https://storage.googleapis.com/search-ar-edu/periodic-table/element_093_neptunium/element_093_neptunium.glb,"Neptunium is a chemical element with symbol Np and atomic number 93. A radioactive actinide metal, neptunium is the first transuranic element. Its position in the periodic table just after uranium, named after the planet Uranus, led to it being named after Neptune, the next planet beyond Uranus."
94,Pu,Plutonium,584.7,Unknown,Silver,Unknown,Unknown,243,f,3503,913,Actinide,United States,1940,19.816,670000,Conductor,[Rn]7s2 5f6,Unknown,1.28,Slightly Unstable,3.17E-08,Paramagnetic,Unknown,monoclinic,6,Glenn T. Seaborg,7,Solid,https://storage.googleapis.com/search-ar-edu/periodic-table/element_094_plutonium/element_094_plutonium.glb,"Plutonium is a transuranic radioactive chemical element with symbol Pu and atomic number 94. It is an actinide metal of silvery-gray appearance that tarnishes when exposed to air, and forms a dull coating when oxidized. The element normally exhibits six allotropes and four oxidation states."
95,Am,Americium,578,Unknown,Silver,Unknown,Unknown,244,f,2284,1449,Actinide,United States,1944,13.67,Unknown,Unknown,[Rn]7s2 5f7,Unknown,1.13,Slightly Unstable,5.15E-08,Paramagnetic,Unknown,double hexagonal close-packed (dhcp),4,Glenn T. Seaborg,7,Solid,https://storage.googleapis.com/search-ar-edu/periodic-table/element_095_americium/element_095_americium.glb,"Americium is a radioactive transuranic chemical element with symbol Am and atomic number 95. This member of the actinide series is located in the periodic table under the lanthanide element europium, and thus by analogy was named after the Americas. Americium was first produced in 1944 by the group of Glenn T.Seaborg from Berkeley, California, at the metallurgical laboratory of University of Chicago."
96,Cm,Curium,581,Unknown,Silver,Unknown,Unknown,247,f,3383,1618,Actinide,United States,1944,13.51,Unknown,Unknown,[Rn]7s2 5f7 6d1,Unknown,1.28,Slightly Unstable,Unknown,Unknown,Unknown,double hexagonal close-packed (dhcp),4,Glenn T. Seaborg,7,Solid,https://storage.googleapis.com/search-ar-edu/periodic-table/element_096_curium/element_096_curium.glb,"Curium is a transuranic radioactive chemical element with symbol Cm and atomic number 96. This element of the actinide series was named after Marie and Pierre Curie – both were known for their research on radioactivity. Curium was first intentionally produced and identified in July 1944 by the group of Glenn T. Seaborg at the University of California, Berkeley."
97,Bk,Berkelium,601,Unknown,Unknown,Unknown,Unknown,247,f,Unknown,1323,Actinide,United States,1949,14.78,Unknown,Unknown,[Rn]7s2 5f9,Unknown,1.3,Slightly Unstable,Unknown,Unknown,Unknown,double hexagonal close-packed (dhcp),4,Lawrence Berkeley National Laboratory,7,Solid,https://storage.googleapis.com/search-ar-edu/periodic-table/element_097_berkelium/element_097_berkelium.glb,"Berkelium is a transuranic radioactive chemical element with symbol Bk and atomic number 97. It is a member of the actinide and transuranium element series. It is named after the city of Berkeley, California, the location of the University of California Radiation Laboratory where it was discovered in December 1949."
98,Cf,Californium,608,Unknown,Unknown,Unknown,Unknown,251,f,Unknown,1173,Actinide,United States,1950,15.1,Unknown,Unknown,[Rn]7s2 5f10,Unknown,1.3,Slightly Unstable,Unknown,Unknown,Unknown,double hexagonal close-packed (dhcp),4,Lawrence Berkeley National Laboratory,7,Solid,https://storage.googleapis.com/search-ar-edu/periodic-table/element_098_californium/element_098_californium.glb,"Californium is a radioactive metallic chemical element with symbol Cf and atomic number 98. The element was first made in 1950 at the University of California Radiation Laboratory in Berkeley, by bombarding curium with alpha particles (helium-4 ions). It is an actinide element, the sixth transuranium element to be synthesized, and has the second-highest atomic mass of all the elements that have been produced in amounts large enough to see with the unaided eye (after einsteinium)."
99,Es,Einsteinium,619,Unknown,Unknown,Unknown,Unknown,252,f,Unknown,1133,Actinide,United States,1952,Unknown,Unknown,Unknown,[Rn]7s2 5f11,Unknown,1.3,Unstable,Unknown,Unknown,Unknown,face-centered cubic (fcc),4,Lawrence Berkeley National Laboratory,7,Solid,https://storage.googleapis.com/search-ar-edu/periodic-table/element_099_einsteinium/element_099_einsteinium.glb,"Einsteinium is a synthetic element with symbol Es and atomic number 99. It is the seventh transuranic element, and an actinide. Einsteinium was discovered as a component of the debris of the first hydrogen bomb explosion in 1952, and named after Albert Einstein."
100,Fm,Fermium,627,Unknown,Unknown,Unknown,Unknown,257,f,Unknown,1800,Actinide,United States,1952,Unknown,Unknown,Unknown,[Rn] 5f12 7s2,Unknown,1.3,Highly Unstable,Unknown,Unknown,Unknown,face-centered cubic (fcc),3,Lawrence Berkeley National Laboratory,7,Solid,https://storage.googleapis.com/search-ar-edu/periodic-table/element_100_fermium/element_100_fermium.glb,"Fermium is a synthetic element with symbol Fm and atomic number 100. It is a member of the actinide series. It is the heaviest element that can be formed by neutron bombardment of lighter elements, and hence the last element that can be prepared in macroscopic quantities, although pure fermium metal has not yet been prepared."
101,Md,Mendelevium,635,Unknown,Unknown,Unknown,Unknown,258,f,Unknown,1100,Actinide,United States,1955,Unknown,Unknown,Unknown,[Rn]7s2 5f13,Unknown,1.3,Highly Unstable,Unknown,Unknown,Unknown,face-centered cubic (fcc),3,Lawrence Berkeley National Laboratory,7,Solid,https://storage.googleapis.com/search-ar-edu/periodic-table/element_101_mendelevium/element_101_mendelevium.glb,"Mendelevium is a synthetic element with chemical symbol Md (formerly Mv) and atomic number 101. A metallic radioactive transuranic element in the actinide series, it is the first element that currently cannot be produced in macroscopic quantities through neutron bombardment of lighter elements. It is the antepenultimate actinide and the ninth transuranic element."
102,No,Nobelium,642,Unknown,Unknown,Unknown,Unknown,259,f,Unknown,1100,Actinide,Sweden and United States,1957,Unknown,Unknown,Unknown,[Rn]7s2 5f14,Unknown,1.3,Highly Unstable,Unknown,Unknown,Unknown,face-centered cubic (fcc),3,Joint Institute for Nuclear Research,7,Solid,https://storage.googleapis.com/search-ar-edu/periodic-table/element_102_nobelium/element_102_nobelium.glb,"Nobelium is a synthetic chemical element with symbol No and atomic number 102. It is named in honor of Alfred Nobel, the inventor of dynamite and benefactor of science. A radioactive metal, it is the tenth transuranic element and is the penultimate member of the actinide series."
103,Lr,Lawrencium,470,Unknown,Unknown,Unknown,Unknown,261,d,Unknown,1900,Actinide,United States,1961,Unknown,Unknown,Unknown,[Rn]7s2 5f14 6d1,Unknown,1.3,Highly Unstable,Unknown,Unknown,Unknown,hexagonal close-packed (hcp),3,Lawrence Berkeley National Laboratory,7,Solid,https://storage.googleapis.com/search-ar-edu/periodic-table/element_103_lawrencium/element_103_lawrencium.glb,"Lawrencium is a synthetic chemical element with chemical symbol Lr (formerly Lw) and atomic number 103. It is named in honor of Ernest Lawrence, inventor of the cyclotron, a device that was used to discover many artificial radioactive elements. A radioactive metal, lawrencium is the eleventh transuranic element and is also the final member of the actinide series."
104,Rf,Rutherfordium,580,Unknown,Unknown,Unknown,Unknown,262,d,Unknown,Unknown,Transition Metal,Russia and United States,1964,Unknown,Unknown,Unknown,[Rn]7s2 5f14 6d2,Unknown,Unknown,Highly Unstable,Unknown,Unknown,Unknown,body-centered cubic (bcc),4,Joint Institute for Nuclear Research,7,Solid,https://storage.googleapis.com/search-ar-edu/periodic-table/element_104_rutherfordium/element_104_rutherfordium.glb,"Rutherfordium is a chemical element with symbol Rf and atomic number 104, named in honor of physicist Ernest Rutherford. It is a synthetic element (an element that can be created in a laboratory but is not found in nature) and radioactive; the most stable known isotope, 267Rf, has a half-life of approximately 1.3 hours. In the periodic table of the elements, it is a d - block element and the second of the fourth - row transition elements."
105,Db,Dubnium,Unknown,Unknown,Unknown,Unknown,Unknown,262,d,Unknown,Unknown,Transition Metal,Russia and United States,1967,Unknown,Unknown,Unknown,[Rn]7s2 5f14 6d3,Unknown,Unknown,Highly Unstable,Unknown,Unknown,Unknown,body-centered cubic (bcc),5,Joint Institute for Nuclear Research,7,Solid,https://storage.googleapis.com/search-ar-edu/periodic-table/element_105_dubnium/element_105_dubnium.glb,"Dubnium is a chemical element with symbol Db and atomic number 105. It is named after the town of Dubna in Russia (north of Moscow), where it was first produced. It is a synthetic element (an element that can be created in a laboratory but is not found in nature) and radioactive; the most stable known isotope, dubnium-268, has a half-life of approximately 28 hours."
106,Sg,Seaborgium,Unknown,Unknown,Unknown,Unknown,Unknown,264,d,Unknown,Unknown,Transition Metal,United States,1974,Unknown,Unknown,Unknown,[Rn]7s2 5f14 6d4,Unknown,Unknown,Highly Unstable,Unknown,Unknown,Unknown,hexagonal close-packed (hcp),6,Lawrence Berkeley National Laboratory,7,Solid,https://storage.googleapis.com/search-ar-edu/periodic-table/element_106_seaborgium/element_106_seaborgium.glb,Seaborgium is a synthetic element with symbol Sg and atomic number 106. Its most stable isotope 271Sg has a half-life of 1.9 minutes. A more recently discovered isotope 269Sg has a potentially slightly longer half-life (ca.
107,Bh,Bohrium,Unknown,Unknown,Unknown,Unknown,Unknown,266,d,Unknown,Unknown,Transition Metal,Germany,1976,Unknown,Unknown,Unknown,[Rn]7s2 5f14 6d5,Unknown,Unknown,Highly Unstable,Unknown,Unknown,Unknown,hexagonal close-packed (hcp),7,Gesellschaft für Schwerionenforschung,7,Solid,https://storage.googleapis.com/search-ar-edu/periodic-table/element_107_bohrium/element_107_bohrium.glb,"Bohrium is a chemical element with symbol Bh and atomic number 107. It is named after Danish physicist Niels Bohr. It is a synthetic element (an element that can be created in a laboratory but is not found in nature) and radioactive; the most stable known isotope, 270Bh, has a half-life of approximately 61 seconds."
108,Hs,Hassium,Unknown,Unknown,Unknown,Unknown,Unknown,268,d,Unknown,Unknown,Transition Metal,Germany,1984,Unknown,Unknown,Unknown,[Rn]7s2 5f14 6d6,Unknown,Unknown,Highly Unstable,Unknown,Unknown,Unknown,face-centered cubic (fcc),Unknown,Gesellschaft für Schwerionenforschung,7,Solid,https://storage.googleapis.com/search-ar-edu/periodic-table/element_108_hassium/element_108_hassium.glb,"Hassium is a chemical element with symbol Hs and atomic number 108, named after the German state of Hesse. It is a synthetic element (an element that can be created in a laboratory but is not found in nature) and radioactive; the most stable known isotope, 269Hs, has a half-life of approximately 9.7 seconds, although an unconfirmed metastable state, 277mHs, may have a longer half-life of about 130 seconds. More than 100 atoms of hassium have been synthesized to date."
109,Mt,Meitnerium,Unknown,Unknown,Unknown,Unknown,Unknown,272,d,Unknown,Unknown,Transition Metal,Germany,1982,Unknown,Unknown,Unknown,[Rn]7s2 5f14 6d7 (calculated),Unknown,Unknown,Highly Unstable,Unknown,Unknown,Unknown,body-centered cubic (bcc),Unknown,Gesellschaft für Schwerionenforschung,7,Solid,https://storage.googleapis.com/search-ar-edu/periodic-table/element_109_meitnerium/element_109_meitnerium.glb,"Meitnerium is a chemical element with symbol Mt and atomic number 109. It is an extremely radioactive synthetic element (an element not found in nature that can be created in a laboratory). The most stable known isotope, meitnerium-278, has a half-life of 7.6 seconds."
110,Ds,Darmstadtium,Unknown,Unknown,Unknown,Unknown,Unknown,277,d,Unknown,Unknown,Transition Metal,Germany,1994,Unknown,Unknown,Unknown,[Rn]7s2 5f14 6d8 (predicted),Unknown,Unknown,Highly Unstable,Unknown,Unknown,Unknown,body-centered cubic (bcc),Unknown,Gesellschaft für Schwerionenforschung,7,Solid,https://storage.googleapis.com/search-ar-edu/periodic-table/element_110_darmstadtium/element_110_darmstadtium.glb,"Darmstadtium is a chemical element with symbol Ds and atomic number 110. It is an extremely radioactive synthetic element. The most stable known isotope, darmstadtium-281, has a half-life of approximately 10 seconds."
111,Rg,Roentgenium,Unknown,Unknown,Unknown,Unknown,Unknown,281,d,Unknown,Unknown,Transition Metal,Germany,1994,Unknown,Unknown,Unknown,[Rn]7s2 5f14 6d9 (predicted),Unknown,Unknown,Highly Unstable,Unknown,Unknown,Unknown,hexagonal close-packed (hcp),Unknown,Gesellschaft für Schwerionenforschung,7,Solid,https://storage.googleapis.com/search-ar-edu/periodic-table/element_111_roentgenium/element_111_roentgenium.glb,"Roentgenium is a chemical element with symbol Rg and atomic number 111. It is an extremely radioactive synthetic element (an element that can be created in a laboratory but is not found in nature); the most stable known isotope, roentgenium-282, has a half-life of 2.1 minutes. Roentgenium was first created in 1994 by the GSI Helmholtz Centre for Heavy Ion Research near Darmstadt, Germany."
112,Cn,Copernicium,Unknown,Unknown,Unknown,Unknown,Unknown,284,d,Unknown,Unknown,Transition Metal,Germany,1996,Unknown,Unknown,Unknown,[Rn]7s2 5f14 6d10 (predicted),Unknown,Unknown,Highly Unstable,Unknown,Unknown,Unknown,Unknown,Unknown,Gesellschaft für Schwerionenforschung,7,Liquid,https://storage.googleapis.com/search-ar-edu/periodic-table/element_112_copernicium/element_112_copernicium.glb,"Copernicium is a chemical element with symbol Cn and atomic number 112. It is an extremely radioactive synthetic element that can only be created in a laboratory. The most stable known isotope, copernicium-285, has a half-life of approximately 29 seconds, but it is possible that this copernicium isotope may have a nuclear isomer with a longer half-life, 8.9 min."
113,Nh,Nihonium,Unknown,Unknown,Unknown,Unknown,Unknown,285,p,Unknown,Unknown,Post Transition Metal,Russia and United States,2004,Unknown,Unknown,Unknown,[Rn]5f14 6d10 7s2 7p1 (predicted),Unknown,Unknown,Highly Unstable,Unknown,Unknown,Unknown,Unknown,Unknown,RIKEN,7,Solid,https://storage.googleapis.com/search-ar-edu/periodic-table/element_113_nihonium/element_113_nihonium.glb,"Nihonium is a chemical element with atomic number 113. It has a symbol Nh. It is a synthetic element (an element that can be created in a laboratory but is not found in nature) and is extremely radioactive; its most stable known isotope, nihonium-286, has a half-life of 20 seconds."
114,Fl,Flerovium,Unknown,Unknown,Unknown,Unknown,Unknown,288,p,Unknown,Unknown,Post Transition Metal,Russia,1998,Unknown,Unknown,Unknown,[Rn]7s2 7p2 5f14 6d10 (predicted),Unknown,Unknown,Highly Unstable,Unknown,Unknown,Unknown,Unknown,Unknown,Joint Institute for Nuclear Research,7,Solid,https://storage.googleapis.com/search-ar-edu/periodic-table/element_114_flerovium/element_114_flerovium.glb,"Flerovium is a superheavy artificial chemical element with symbol Fl and atomic number 114. It is an extremely radioactive synthetic element. The element is named after the Flerov Laboratory of Nuclear Reactions of the Joint Institute for Nuclear Research in Dubna, Russia, where the element was discovered in 1998."
115,Mc,Moscovium,Unknown,Unknown,Unknown,Unknown,Unknown,289,p,Unknown,Unknown,Post Transition Metal,Russia and United States,2003,Unknown,Unknown,Unknown,[Rn]7s2 7p3 5f14 6d10 (predicted),Unknown,Unknown,Highly Unstable,Unknown,Unknown,Unknown,Unknown,Unknown,Joint Institute for Nuclear Research,7,Solid,https://storage.googleapis.com/search-ar-edu/periodic-table/element_115_moscovium/element_115_moscovium.glb,"Moscovium is the name of a synthetic superheavy element in the periodic table that has the symbol Mc and has the atomic number 115. It is an extremely radioactive element; its most stable known isotope, moscovium-289, has a half-life of only 220 milliseconds. It is also known as eka-bismuth or simply element 115."
116,Lv,Livermorium,Unknown,Unknown,Unknown,Unknown,Unknown,292,p,Unknown,Unknown,Post Transition Metal,Russia,2000,Unknown,Unknown,Unknown,[Rn]7s2 7p4 5f14 6d10 (predicted),Unknown,Unknown,Highly Unstable,Unknown,Unknown,Unknown,Unknown,Unknown,Joint Institute for Nuclear Research,7,Solid,https://storage.googleapis.com/search-ar-edu/periodic-table/element_116_livermorium/element_116_livermorium.glb,"Livermorium is a synthetic superheavy element with symbol Lv and atomic number 116. It is an extremely radioactive element that has only been created in the laboratory and has not been observed in nature. The element is named after the Lawrence Livermore National Laboratory in the United States, which collaborated with the Joint Institute for Nuclear Research in Dubna, Russia to discover livermorium in 2000."
117,Ts,Tennessine,Unknown,Unknown,Unknown,Unknown,Unknown,294,p,Unknown,Unknown,Halogens,Unknown,2010,Unknown,Unknown,Unknown,[Rn]7s2 7p5 5f14 6d10 (predicted),Unknown,Unknown,Highly Unstable,Unknown,Unknown,Unknown,Unknown,Unknown,Joint Institute for Nuclear Research,7,Solid,https://storage.googleapis.com/search-ar-edu/periodic-table/element_117_tennessine/element_117_tennessine.glb,"Tennessine is a superheavy artificial chemical element with an atomic number of 117 and a symbol of Ts. Also known as eka-astatine or element 117, it is the second-heaviest known element and penultimate element of the 7th period of the periodic table. As of 2016, fifteen tennessine atoms have been observed:six when it was first synthesized in 2010, seven in 2012, and two in 2014."
118,Og,Oganesson,Unknown,Unknown,Unknown,Unknown,Unknown,294,p,Unknown,Unknown,Noble Gas,Russia and United States,2006,Unknown,Unknown,Unknown,[Rn]7s2 7p6 5f14 6d10 (predicted),Unknown,Unknown,Highly Unstable,Unknown,Unknown,Unknown,Unknown,Unknown,Joint Institute for Nuclear Research,7,Solid,https://storage.googleapis.com/search-ar-edu/periodic-table/element_118_oganesson/element_118_oganesson.glb,"Oganesson is IUPAC's name for the transactinide element with the atomic number 118 and element symbol Og. It is also known as eka-radon or element 118, and on the periodic table of the elements it is a p-block element and the last one of the 7th period. Oganesson is currently the only synthetic member of group 18."